Workbook

Sheet Template Dipendenti AORN
A1: Codifica | B1: Matricola | C1: Cognome | D1: Nome | E1: Codice Fiscale | F1: Descrizione INCARICHI ECONOMICI | G1: Ruolo GZOOM | H1: Tipo Scheda | I1: Codice UOC | J1: Nome UOC | K1: Codice Dipartimento | L1: Nome Dipartimento | M1: Descrizione ESCLUSIVO | N1: Decorrenza | O1: Scadenza | P1: Data di Nascita | Q1: Email | R1: Username | S1: Matricola Referente Valutatore
A2: d | B2: 123456 | C2: Rossi | D2: Paolo | E2: RSSPLA60R27F205S | F2: DIR. AMM. (EX 9 >5aa) | G2: =_xlfn.XLOOKUP(F2, Legenda!A:A, Legenda!B:B, "") -> DIRETTORE | H2: =_xlfn.XLOOKUP(F2, Legenda!A:A, Legenda!C:C, "") -> SCHEDA 1 | I2: BSEA4820 | J2: =_xlfn.XLOOKUP(I2, Legenda!G:G, Legenda!H:H, "") -> UOC Cardiologia con UTIC | K2: =_xlfn.XLOOKUP(I2, Legenda!G:G, Legenda!J:J, "") -> DIPRTD01 | L2: =_xlfn.XLOOKUP(I2, Legenda!G:G, Legenda!K:K, "") -> Dipartimento reti tempo-dipendenti | M2: RAPPORTO ESCLUSIVO | N2: 45658 | O2: 46022 | P2: 29221 | Q2: paolo.rossi@aocardarelli.it | R2: paolo.rossi | S2: 78900
G3: =_xlfn.XLOOKUP(F3, Legenda!A:A, Legenda!B:B, "") -> 0 | H3: =_xlfn.XLOOKUP(F3, Legenda!A:A, Legenda!C:C, "") -> 0 | J3: =_xlfn.XLOOKUP(I3, Legenda!G:G, Legenda!H:H, "") -> 0 | K3: =_xlfn.XLOOKUP(I3, Legenda!G:G, Legenda!J:J, "") -> 0 | L3: =_xlfn.XLOOKUP(I3, Legenda!G:G, Legenda!K:K, "") -> 0
G4: =_xlfn.XLOOKUP(F4, Legenda!A:A, Legenda!B:B, "") -> 0 | H4: =_xlfn.XLOOKUP(F4, Legenda!A:A, Legenda!C:C, "") -> 0 | J4: =_xlfn.XLOOKUP(I4, Legenda!G:G, Legenda!H:H, "") -> 0 | K4: =_xlfn.XLOOKUP(I4, Legenda!G:G, Legenda!J:J, "") -> 0 | L4: =_xlfn.XLOOKUP(I4, Legenda!G:G, Legenda!K:K, "") -> 0
G5: =_xlfn.XLOOKUP(F5, Legenda!A:A, Legenda!B:B, "") -> 0 | H5: =_xlfn.XLOOKUP(F5, Legenda!A:A, Legenda!C:C, "") -> 0 | J5: =_xlfn.XLOOKUP(I5, Legenda!G:G, Legenda!H:H, "") -> 0 | K5: =_xlfn.XLOOKUP(I5, Legenda!G:G, Legenda!J:J, "") -> 0 | L5: =_xlfn.XLOOKUP(I5, Legenda!G:G, Legenda!K:K, "") -> 0
G6: =_xlfn.XLOOKUP(F6, Legenda!A:A, Legenda!B:B, "") -> 0 | H6: =_xlfn.XLOOKUP(F6, Legenda!A:A, Legenda!C:C, "") -> 0 | J6: =_xlfn.XLOOKUP(I6, Legenda!G:G, Legenda!H:H, "") -> 0 | K6: =_xlfn.XLOOKUP(I6, Legenda!G:G, Legenda!J:J, "") -> 0 | L6: =_xlfn.XLOOKUP(I6, Legenda!G:G, Legenda!K:K, "") -> 0
G7: =_xlfn.XLOOKUP(F7, Legenda!A:A, Legenda!B:B, "") -> 0 | H7: =_xlfn.XLOOKUP(F7, Legenda!A:A, Legenda!C:C, "") -> 0 | J7: =_xlfn.XLOOKUP(I7, Legenda!G:G, Legenda!H:H, "") -> 0 | K7: =_xlfn.XLOOKUP(I7, Legenda!G:G, Legenda!J:J, "") -> 0 | L7: =_xlfn.XLOOKUP(I7, Legenda!G:G, Legenda!K:K, "") -> 0
G8: =_xlfn.XLOOKUP(F8, Legenda!A:A, Legenda!B:B, "") -> 0 | H8: =_xlfn.XLOOKUP(F8, Legenda!A:A, Legenda!C:C, "") -> 0 | J8: =_xlfn.XLOOKUP(I8, Legenda!G:G, Legenda!H:H, "") -> 0 | K8: =_xlfn.XLOOKUP(I8, Legenda!G:G, Legenda!J:J, "") -> 0 | L8: =_xlfn.XLOOKUP(I8, Legenda!G:G, Legenda!K:K, "") -> 0
G9: =_xlfn.XLOOKUP(F9, Legenda!A:A, Legenda!B:B, "") -> 0 | H9: =_xlfn.XLOOKUP(F9, Legenda!A:A, Legenda!C:C, "") -> 0 | J9: =_xlfn.XLOOKUP(I9, Legenda!G:G, Legenda!H:H, "") -> 0 | K9: =_xlfn.XLOOKUP(I9, Legenda!G:G, Legenda!J:J, "") -> 0 | L9: =_xlfn.XLOOKUP(I9, Legenda!G:G, Legenda!K:K, "") -> 0
G10: =_xlfn.XLOOKUP(F10, Legenda!A:A, Legenda!B:B, "") -> 0 | H10: =_xlfn.XLOOKUP(F10, Legenda!A:A, Legenda!C:C, "") -> 0 | J10: =_xlfn.XLOOKUP(I10, Legenda!G:G, Legenda!H:H, "") -> 0 | K10: =_xlfn.XLOOKUP(I10, Legenda!G:G, Legenda!J:J, "") -> 0 | L10: =_xlfn.XLOOKUP(I10, Legenda!G:G, Legenda!K:K, "") -> 0
G11: =_xlfn.XLOOKUP(F11, Legenda!A:A, Legenda!B:B, "") -> 0 | H11: =_xlfn.XLOOKUP(F11, Legenda!A:A, Legenda!C:C, "") -> 0 | J11: =_xlfn.XLOOKUP(I11, Legenda!G:G, Legenda!H:H, "") -> 0 | K11: =_xlfn.XLOOKUP(I11, Legenda!G:G, Legenda!J:J, "") -> 0 | L11: =_xlfn.XLOOKUP(I11, Legenda!G:G, Legenda!K:K, "") -> 0
G12: =_xlfn.XLOOKUP(F12, Legenda!A:A, Legenda!B:B, "") -> 0 | H12: =_xlfn.XLOOKUP(F12, Legenda!A:A, Legenda!C:C, "") -> 0 | J12: =_xlfn.XLOOKUP(I12, Legenda!G:G, Legenda!H:H, "") -> 0 | K12: =_xlfn.XLOOKUP(I12, Legenda!G:G, Legenda!J:J, "") -> 0 | L12: =_xlfn.XLOOKUP(I12, Legenda!G:G, Legenda!K:K, "") -> 0
G13: =_xlfn.XLOOKUP(F13, Legenda!A:A, Legenda!B:B, "") -> 0 | H13: =_xlfn.XLOOKUP(F13, Legenda!A:A, Legenda!C:C, "") -> 0 | J13: =_xlfn.XLOOKUP(I13, Legenda!G:G, Legenda!H:H, "") -> 0 | K13: =_xlfn.XLOOKUP(I13, Legenda!G:G, Legenda!J:J, "") -> 0 | L13: =_xlfn.XLOOKUP(I13, Legenda!G:G, Legenda!K:K, "") -> 0
G14: =_xlfn.XLOOKUP(F14, Legenda!A:A, Legenda!B:B, "") -> 0 | H14: =_xlfn.XLOOKUP(F14, Legenda!A:A, Legenda!C:C, "") -> 0 | J14: =_xlfn.XLOOKUP(I14, Legenda!G:G, Legenda!H:H, "") -> 0 | K14: =_xlfn.XLOOKUP(I14, Legenda!G:G, Legenda!J:J, "") -> 0 | L14: =_xlfn.XLOOKUP(I14, Legenda!G:G, Legenda!K:K, "") -> 0
... G4089: =_xlfn.XLOOKUP(F4089, Legenda!A:A, Legenda!B:B, "") -> 0 | H4089: =_xlfn.XLOOKUP(F4089, Legenda!A:A, Legenda!C:C, "") -> 0 | J4089: =_xlfn.XLOOKUP(I4089, Legenda!G:G, Legenda!H:H, "") -> 0 | K4089: =_xlfn.XLOOKUP(I4089, Legenda!G:G, Legenda!J:J, "") -> 0 | L4089: =_xlfn.XLOOKUP(I4089, Legenda!G:G, Legenda!K:K, "") -> 0

Sheet Legenda
A1: Descrizione INCARICHI ECONOMICI | B1: Ruolo GZOOM | C1: Tipo Scheda | D1: Descrizione Scheda | G1: Codice UOC | H1: UOC | I1: Matricola Responsabile UOC | J1: Codice Dipartimento | K1: Dipartimento | L1: Matricola Responsabile Dipartimento
A2: DIR. AMM. (EX 9 >5aa) | B2: DIRETTORE | C2: SCHEDA 1 | D2: SCHEDA 1 - SCHEDA DI VALUTAZIONE PERFORMANCE DIRETTORI DI DIPARTIMENTO, STRUTTURA COMPLESSA E RESPONSABILI STRUTTURA SEMPLICE DIPARTIMENTALE | G2: BAA9904 | H2: UOC Affari Generali | J2: DIPAMM01 | K2: Strutture di supporto alla Direzione Amministrativa
A3: DIR.FARMACISTA (EX 9 >5aa) C E | B3: DIRETTORE | C3: SCHEDA 1 | D3: SCHEDA 1 - SCHEDA DI VALUTAZIONE PERFORMANCE DIRETTORI DI DIPARTIMENTO, STRUTTURA COMPLESSA E RESPONSABILI STRUTTURA SEMPLICE DIPARTIMENTALE | G3: BSTA4600 | H3: UOC Anatomia patologica | J3: DIPTDS01 | K3: Dipartimento delle tecnologie avanzate diagnostico terapeutiche e dei servizi sanitari
A4: DIR.MEDICO (EX 10 Qual) C E | B4: DIRETTORE | C4: SCHEDA 1 | D4: SCHEDA 1 - SCHEDA DI VALUTAZIONE PERFORMANCE DIRETTORI DI DIPARTIMENTO, STRUTTURA COMPLESSA E RESPONSABILI STRUTTURA SEMPLICE DIPARTIMENTALE | G4: BSU7200 | H4: UOC Appropriatezza ed epidemiologia valutativa | J4: DIPSSS01 | K4: Dipartimento servizi strategici di area sanitaria
A5: DIR.MEDICO (EX 10) C E | B5: DIRETTORE | C5: SCHEDA 1 | D5: SCHEDA 1 - SCHEDA DI VALUTAZIONE PERFORMANCE DIRETTORI DI DIPARTIMENTO, STRUTTURA COMPLESSA E RESPONSABILI STRUTTURA SEMPLICE DIPARTIMENTALE | G5: BSMP2000 | H5: UOC Cardiologia | J5: DIPRTD01 | K5: Dipartimento reti tempo-dipendenti
A6: DIR.MEDICO (EX 11 Ante 99) C E Chir. | B6: DIRETTORE | C6: SCHEDA 1 | D6: SCHEDA 1 - SCHEDA DI VALUTAZIONE PERFORMANCE DIRETTORI DI DIPARTIMENTO, STRUTTURA COMPLESSA E RESPONSABILI STRUTTURA SEMPLICE DIPARTIMENTALE | G6: BSEA4820 | H6: UOC Cardiologia con UTIC | J6: DIPRTD01 | K6: Dipartimento reti tempo-dipendenti
A7: DIR.MEDICO (EX 9 >5aa) C E | B7: DIRETTORE | C7: SCHEDA 1 | D7: SCHEDA 1 - SCHEDA DI VALUTAZIONE PERFORMANCE DIRETTORI DI DIPARTIMENTO, STRUTTURA COMPLESSA E RESPONSABILI STRUTTURA SEMPLICE DIPARTIMENTALE | G7: BSEA0120 | H7: UOC Centro grandi ustionati - Chirurgia plastica ricostruttiva | J7: DIPCHP01 | K7: Dipartimento chirurgico polispecialistico
A8: DIRETTORE AMMINISTRATIVO | B8: DIRETTORE | C8: SCHEDA 1 | D8: SCHEDA 1 - SCHEDA DI VALUTAZIONE PERFORMANCE DIRETTORI DI DIPARTIMENTO, STRUTTURA COMPLESSA E RESPONSABILI STRUTTURA SEMPLICE DIPARTIMENTALE | G8: BSEA2200 | H8: UOC Chirurgia d'urgenza | J8: DIPEMR01 | K8: Dipartimento dell'emergenza e dell'area critica
A9: DIR. AMM. (EX 9 <5aa) | B9: DIRIGENTE MEDICO | C9: SCHEDA 1.1 | D9: SCHEDA 1.1 - SCHEDA DI VALUTAZIONE PERFORMANCE RESPONSABILI STRUTTURA SEMPLICE E DIRIGENTI CON INCARICO PROFESSIONALE | G9: BSTR0902 | H9: UOC Chirurgia epatobiliare e trapianto di fegato | J9: DIPCGD01 | K9: Dipartimento di chirurgia generale e della salute della donna
A10: DIR.ANALISTA (EX 9 <5aa) | B10: DIRIGENTE MEDICO | C10: SCHEDA 1.1 | D10: SCHEDA 1.1 - SCHEDA DI VALUTAZIONE PERFORMANCE RESPONSABILI STRUTTURA SEMPLICE E DIRIGENTI CON INCARICO PROFESSIONALE | G10: BSCS0710 | H10: UOC Chirurgia generale ad alta specializzazione gastroenterologica | J10: DIPCGD01 | K10: Dipartimento di chirurgia generale e della salute della donna
A11: DIR.ARCHITETTO (EX 9 <5aa) | B11: DIRIGENTE MEDICO | C11: SCHEDA 1.1 | D11: SCHEDA 1.1 - SCHEDA DI VALUTAZIONE PERFORMANCE RESPONSABILI STRUTTURA SEMPLICE E DIRIGENTI CON INCARICO PROFESSIONALE | G11: BSCS1600 | H11: UOC Chirurgia generale ad alta specializzazione pancreatica | J11: DIPCGD01 | K11: Dipartimento di chirurgia generale e della salute della donna
A12: DIR.AVVOCATO (EX 9 <5aa) | B12: DIRIGENTE MEDICO | C12: SCHEDA 1.1 | D12: SCHEDA 1.1 - SCHEDA DI VALUTAZIONE PERFORMANCE RESPONSABILI STRUTTURA SEMPLICE E DIRIGENTI CON INCARICO PROFESSIONALE | G12: BSCS0600 | H12: UOC Chirurgia generale ad indirizzo oncologico mininvasivo con alta specializzazione esofago-gastrica | J12: DIPCGD01 | K12: Dipartimento di chirurgia generale e della salute della donna
A13: DIR.BIOLOGO (EX 9 <5aa) <5 E | B13: DIRIGENTE MEDICO | C13: SCHEDA 1.1 | D13: SCHEDA 1.1 - SCHEDA DI VALUTAZIONE PERFORMANCE RESPONSABILI STRUTTURA SEMPLICE E DIRIGENTI CON INCARICO PROFESSIONALE | G13: BSCS2230 | H13: UOC Chirurgia maxillo-facciale | J13: DIPCHP01 | K13: Dipartimento chirurgico polispecialistico
... A91: OPERATORE-EX OSS BS | B91: ASSISTENTE SANITARIO | C91: SCHEDA 5 | D91: SCHEDA 5 - SCHEDA DI VALUTAZIONE PERFORMANCE PERSONALE DELL’AREA DEGLI ASSISTENTI E DEGLI OPERATORI - AREA SANITARIA | G91: BSEA1410 | H91: UOSD Trauma Center | J91: DIPEMR01 | K91: Dipartimento dell'emergenza e dell'area critica
G92: BSCS1404 | H92: UOSD Week e Day Surgery | J92: DIPCGD01 | K92: Dipartimento di chirurgia generale e della salute della donna
